cruise,permit,year,observer,vessel_name,gear_desc,haul_date,haul,size_est,visual_cue,total_haul_pss,census,sex_obs,photo_taken,wt,pcl,specimen_yn,specimen_num,notes,notes2,nmfs_area,latdd_start,londd_start,sampID,ncf_lat,ncf_lon
22350,4463,2018,Tyler Allen,Clipper Eric,NA,2018-02-19T00:00:00Z,70,M,2,1,Y,NA,NA,NA,NA,N,NA,NA,NA,513,56.45667,-166.87833,62_2018_22350_4463_70_1,56.4086546388,-166.771938577
22356,3242,2018,Johanna Protheroe,Clipper Endeavor,NA,2018-03-16T00:00:00Z,133,S,NA,1,Y,2,NA,9.94,92,N,NA,NA,NA,521,56.81333,-170.885,62_2018_22356_3242_133_2,56.7998040885,-170.99186003
22410,33320,2018,Dan Garatea,Northern Leader,NA,2018-01-17T00:00:00Z,8,L,2,1,Y,NA,NA,NA,NA,N,NA,animal wrapped in good xxxx xxxx broadside,NA,521,59.65667,-174.265,62_2018_22410_33320_8_3,59.6377116406,-174.403501136
22410,33320,2018,Dan Garatea,Northern Leader,NA,2018-01-26T00:00:00Z,18,L,2,1,Y,NA,NA,NA,NA,N,NA,animal broadside XXXXXX hook spacing of 1.2m,NA,521,59.635,-174.28,62_2018_22410_33320_18_4,59.6377116406,-174.403501136
22410,33320,2018,Dan Garatea,Northern Leader,NA,2018-01-29T00:00:00Z,20,M,2,1,Y,NA,NA,NA,NA,N,NA,saw broadside,NA,521,59.63833,-174.37806,62_2018_22410_33320_20_5,59.6377116406,-174.403501136
22410,33320,2018,Dan Garatea,Northern Leader,NA,2018-02-09T00:00:00Z,27,M,2,1,Y,NA,NA,NA,NA,N,NA,broadside ~1.8m,NA,521,58.47333,-172.855,62_2018_22410_33320_27_6,58.4888842102,-172.771024663
22416,372,2018,Nick Paxton,US Liberator,NA,2018-01-21T00:00:00Z,25,L,NA,1,Y,NA,NA,NA,NA,N,NA,"broke off at surface, used hook spacing to est length",NA,524,60.24833,-178.15167,62_2018_22416_372_25_7,60.309928381,-178.172432418
22416,372,2018,Nick Paxton,US Liberator,NA,2018-02-27T00:00:00Z,67,S,NA,1,Y,2,NA,8.8,88,N,NA,NA,NA,524,60.13,-178.38833,62_2018_22416_372_67_8,60.1710466322,-178.400742599
22536,6323,2018,Elanor Wolff,Bristol Leader,NA,2018-03-01T00:00:00Z,46,M,2,NA,Y,NA,NA,NA,NA,N,NA,est by dist between gangions,NA,521,59.57167,-175.5,62_2018_22536_6323_46_9,59.5791193469,-175.337004905
22536,6323,2018,Elanor Wolff,Bristol Leader,NA,2018-03-03T00:00:00Z,47,M,2,NA,Y,NA,NA,NA,NA,N,NA,est by dist between gangions,NA,521,59.13167,-175.52167,62_2018_22536_6323_47_10,59.1413491798,-175.691822459
22536,6323,2018,Elanor Wolff,Bristol Leader,NA,2018-03-16T00:00:00Z,61,M,2,NA,Y,NA,NA,NA,NA,N,NA,est by dist between gangions,NA,521,59.14833,-175.39833,62_2018_22536_6323_61_11,59.1058856214,-175.348298753
22536,6323,2018,Elanor Wolff,Bristol Leader,NA,2018-03-16T00:00:00Z,61,M,2,NA,Y,NA,NA,NA,NA,N,NA,est by dist between gangions,NA,521,59.14833,-175.39833,62_2018_22536_6323_61_12,59.1058856214,-175.348298753
22536,6323,2018,Elanor Wolff,Bristol Leader,NA,2018-03-16T00:00:00Z,61,M,2,NA,Y,NA,NA,NA,NA,N,NA,est by dist between gangions,NA,521,59.14833,-175.39833,62_2018_22536_6323_61_13,59.1058856214,-175.348298753
22536,6323,2018,Elanor Wolff,Bristol Leader,NA,2018-04-13T00:00:00Z,91,S,NA,NA,Y,1,NA,6.49,80,N,NA,NA,NA,521,58.21,-173.535,62_2018_22536_6323_91_14,58.270699806,-173.576351757
22569,29997,2018,Lauren Eaken,Bering Leader,NA,2018-04-10T00:00:00Z,76,S,13,1,Y,NA,NA,NA,NA,N,NA,NA,NA,521,59.00333,-174.25833,62_2018_22569_29997_76_15,58.9940687943,-174.32215175
22586,1248,2018,Dan Garatea,Baranof,NA,2018-05-11T00:00:00Z,476,S,2,1,Y,1,NA,14.64,126,N,NA,"saved as specimen 59300, not sure of ID",haul not in obs db,519,54.33,-165.965,62_2018_22586_1248_476_16,54.2919597571,-166.068936809
22586,1248,2018,Dan Garatea,Baranof,NA,2018-06-14T00:00:00Z,567,S,1,1,Y,NA,NA,NA,NA,N,NA,NA,haul not in obs db,650,57.76833,-137.10667,62_2018_22586_1248_567_17,57.7577394585,-137.240083359
22586,1248,2018,Dan Garatea,Baranof,NA,2018-06-21T00:00:00Z,593,S,1,1,Y,1,NA,1.48,46,N,NA,NA,haul not in obs db,650,55.23667,-134.535,62_2018_22586_1248_593_18,55.2706373132,-134.408378959
22586,1248,2018,Dan Garatea,Baranof,NA,2018-06-25T00:00:00Z,608,L,1,1,Y,NA,NA,NA,NA,N,NA,NA,NA,650,54.51333,-134.035,62_2018_22586_1248_608_19,54.532281372,-133.955062232
22586,1248,2018,Dan Garatea,Baranof,NA,2018-06-26T00:00:00Z,613,L,1,1,Y,NA,NA,NA,NA,N,NA,"tail wrapped, rail XXXXXX",haul not in obs db,650,54.51667,-134.03333,62_2018_22586_1248_613_20,54.532281372,-133.955062232
22769,4450,2018,Daniel Warren,Frontier Explorer,NA,2018-06-14T00:00:00Z,102,S,10,1,Y,NA,NA,NA,NA,N,NA,NA,haul not in obs db,517,55.02167,-167.43333,62_2018_22769_4450_102_21,55.0548637736,-167.417407071
22769,4450,2018,Daniel Warren,Frontier Explorer,NA,2018-07-08T00:00:00Z,144,S,NA,1,Y,2,NA,11.96,94,N,NA,NA,NA,521,59.07167,-174.44167,62_2018_22769_4450_144_22,59.1646163674,-174.4278621
22769,4450,2018,Daniel Warren,Frontier Explorer,NA,2018-07-18T00:00:00Z,154,M,2,2,N,2,NA,NA,171,N,NA,NA,NA,521,59.35333,-174.18,62_2018_22769_4450_154_23,59.2965519505,-174.190430256
22769,4450,2018,Daniel Warren,Frontier Explorer,NA,2018-07-23T00:00:00Z,162,M,2,1,Y,NA,NA,NA,NA,N,NA,NA,NA,521,59.22167,-174.19667,62_2018_22769_4450_162_24,59.2965519505,-174.190430256
22769,4450,2018,Daniel Warren,Frontier Explorer,NA,2018-07-27T00:00:00Z,169,S,NA,1,Y,2,NA,19.14,100,N,NA,NA,NA,521,59.205,-174.02167,62_2018_22769_4450_169_25,59.1258241161,-174.085503993
22769,4450,2018,Daniel Warren,Frontier Explorer,NA,2018-07-30T00:00:00Z,174,S,2,1,Y,NA,NA,NA,NA,N,NA,NA,NA,521,59.26667,-174.05833,62_2018_22769_4450_174_26,59.2965519505,-174.190430256
22769,4450,2018,Daniel Warren,Frontier Explorer,NA,2018-08-01T00:00:00Z,179,S,2,1,Y,NA,NA,NA,NA,N,NA,NA,NA,521,59.41667,-174.16167,62_2018_22769_4450_179_27,59.4671810872,-174.296424028
22769,4450,2018,Daniel Warren,Frontier Explorer,NA,2018-08-02T00:00:00Z,183,S,2,1,Y,NA,NA,NA,NA,N,NA,NA,NA,521,59.265,-174.29833,62_2018_22769_4450_183_28,59.2965519505,-174.190430256
22769,4450,2018,Daniel Warren,Frontier Explorer,NA,2018-08-05T00:00:00Z,191,S,NA,1,Y,NA,NA,NA,95,N,NA,NA,NA,521,59.28833,-174.62833,62_2018_22769_4450_191_29,59.3350625928,-174.534642509
22769,4450,2018,Daniel Warren,Frontier Explorer,NA,2018-08-06T00:00:00Z,192,S,2,2,Y,NA,NA,NA,NA,N,NA,NA,NA,521,59.30333,-174.565,62_2018_22769_4450_192_30,59.3350625928,-174.534642509
22769,4450,2018,Daniel Warren,Frontier Explorer,NA,2018-08-06T00:00:00Z,192,S,NA,2,Y,2,NA,12.93,93,N,NA,NA,NA,521,59.30333,-174.565,62_2018_22769_4450_192_31,59.3350625928,-174.534642509
22769,4450,2018,Daniel Warren,Frontier Explorer,NA,2018-08-07T00:00:00Z,194,S,2,2,N,NA,NA,NA,NA,N,NA,NA,NA,521,59.32,-174.69667,62_2018_22769_4450_194_32,59.3350625928,-174.534642509
22867,7161,2018,Hailey Rosentnal,Aleutian Sable,NA,2018-08-17T00:00:00Z,227,S,In hand,1,NA,2,NA,8.89,85,N,NA,NA,NA,521,56.48333,-171.48333,62_2018_22867_7161_227_33,56.5469091056,-171.455260899
22867,4635,2018,Hailey Rosentnal,Aleutian Sable,NA,2018-09-11T00:00:00Z,694,S,In hand,1,NA,2,NA,17.79,105,N,NA,NA,NA,521,58.16,-170.77167,62_2018_22867_4635_694_34,58.2170053696,-170.781783018
22914,2718,2018,Todd Miral,Clipper Surprise,NA,2018-09-07T00:00:00Z,440,S,NA,NA,NA,1,NA,12.85,84,N,NA,Code 10/Clean hook,NA,521,57.32833,-172.84333,62_2018_22914_2718_440_35,57.3707566551,-172.767665221
22914,2718,2018,Todd Miral,Clipper Surprise,NA,2018-09-25T00:00:00Z,480,S,NA,NA,NA,1,NA,11.84,91,N,NA,Code 10/Clean hook,NA,523,56.54167,-172.69,62_2018_22914_2718_480_36,56.5529567938,-172.629801221
23053,372,2018,John Kim,US Liberator,NA,2018-10-31T00:00:00Z,376,S,NA,1,NA,2,NA,NA,125,N,NA,"L/W table - 155cm, 31.201g",NA,524,61.21,-176.85667,62_2018_23053_372_376_37,61.134816171,-176.761045892
23053,372,2018,John Kim,US Liberator,NA,2018-11-03T00:00:00Z,381,M,2,1,NA,NA,NA,NA,NA,N,NA,About 2m - size of (illegible),NA,524,61.35667,-177.20667,62_2018_23053_372_381_38,61.3345225721,-177.255877631
23053,372,2018,John Kim,US Liberator,NA,2018-11-07T00:00:00Z,388,M,10,1,NA,NA,NA,NA,NA,N,NA,Came off hook after brought to mid body,NA,524,61.44667,-177.33,62_2018_23053_372_388_39,61.47681191,-177.324229498
23053,372,2018,John Kim,US Liberator,NA,2018-11-08T00:00:00Z,390,M,10,1,NA,NA,NA,NA,NA,N,NA,Came off hook after brought to mid body,NA,524,61.01333,-177.235,62_2018_23053_372_390_40,61.0294018057,-177.366865358
23109,372,2018,Justin Wood,US Liberator,NA,2018-11-24T00:00:00Z,407,S,NA,1,NA,2,NA,7,84,N,NA,NA,NA,524,61.59,-176.58667,62_2018_23109_372_407_41,61.6079163456,-176.770308263
23129,372,2019,Sarah Atkins,US Liberator,NA,2019-01-27T00:00:00Z,35,S,10,1,NA,NA,NA,NA,NA,N,NA,NA,NA,521,57.30167,-171.49167,62_2019_23129_372_35_42,57.3659240212,-171.566190503
23129,372,2019,Sarah Atkins,US Liberator,NA,2019-01-28T00:00:00Z,38,L,9,1,NA,NA,NA,NA,NA,N,NA,NA,NA,521,57.545,-171.33333,62_2019_23129_372_38_43,57.4927002854,-171.330375407
23129,372,2019,Sarah Atkins,US Liberator,NA,2019-01-30T00:00:00Z,42,M,10,1,NA,NA,NA,NA,NA,N,NA,NA,NA,521,57.37,-171.275,62_2019_23129_372_42_44,57.3196094209,-171.244516736
23175,33989,2019,Tyler Allen,Blue North,NA,2019-01-14T00:00:00Z,5,M,"4,2",1,NA,NA,NA,NA,NA,N,NA,Deck form pg. 3,NA,521,59.15333,-173.255,62_2019_23175_33989_5_45,59.1756050689,-173.16262232
23175,33989,2019,Tyler Allen,Blue North,NA,2019-02-16T00:00:00Z,53,M,"2,10",1,NA,NA,NA,NA,NA,N,NA,Deck form pg. 167,NA,521,58.68333,-172.365,62_2019_23175_33989_53_46,58.7462842955,-172.291150989
23401,661,2019,Lauren Eaken,Northern Glacier,NA,2019-06-04T00:00:00Z,414,S,NA,2,NA,2,NA,5,74,N,NA,Not in sample just in haul,NA,521,59.24167,-177.775,62_2019_23401_661_414_47,59.3349472552,-177.767308985
23401,661,2019,Lauren Eaken,Northern Glacier,NA,2019-06-04T00:00:00Z,414,S,NA,2,NA,1,NA,5.98,69,N,NA,Not in sample just in haul,NA,521,59.24167,-177.775,62_2019_23401_661_414_48,59.3349472552,-177.767308985
23401,661,2019,Lauren Eaken,Northern Glacier,NA,2019-06-05T00:00:00Z,416,S,NA,1,NA,2,NA,6.66,79,N,NA,Not in sample just in haul,NA,521,59.335,-177.68,62_2019_23401_661_416_49,59.3349472552,-177.767308985
23401,661,2019,Lauren Eaken,Northern Glacier,NA,2019-06-06T00:00:00Z,424,S,NA,1,NA,2,NA,8.74,81,N,NA,In sample,NA,521,59.32667,-177.64,62_2019_23401_661_424_50,59.3349472552,-177.767308985
23401,661,2019,Lauren Eaken,Northern Glacier,NA,2019-06-06T00:00:00Z,426,S,NA,1,NA,2,NA,3.1,62,N,NA,Not in sample just in haul,NA,521,59.53667,-177.71833,62_2019_23401_661_426_51,59.5024276612,-177.891466142
23401,661,2019,Lauren Eaken,Northern Glacier,NA,2019-06-07T00:00:00Z,427,M,NA,1,NA,2,NA,82.7,209,N,NA,"Not in sample, pre-sorted out of coded b/c too big to go over FS; weight estimated",NA,521,59.345,-177.63667,62_2019_23401_661_427_52,59.3349472552,-177.767308985
23401,661,2019,Lauren Eaken,Northern Glacier,NA,2019-06-09T00:00:00Z,438,S,NA,1,NA,2,NA,6.25,76,N,NA,Not in sample just in haul,NA,521,59.49333,-177.715,62_2019_23401_661_438_53,59.5024276612,-177.891466142
23410,33320,2019,Grant Burns,Northern Leader,NA,2019-05-06T00:00:00Z,95,L,12,1,NA,NA,NA,NA,NA,N,NA,Used gangion length for estimate,NA,521,59.26,-174.365,62_2019_23410_33320_95_54,59.2965519505,-174.190430256
23410,33320,2019,Grant Burns,Northern Leader,NA,2019-05-09T00:00:00Z,99,L,12,1,NA,NA,NA,NA,NA,N,NA,Used gangion length for estimate,NA,521,59.40667,-174.51833,62_2019_23410_33320_99_55,59.3350625928,-174.534642509
23410,33320,2019,Grant Burns,Northern Leader,NA,2019-05-09T00:00:00Z,99,M,12,1,NA,NA,NA,NA,NA,N,NA,Used gangion length for estimate,NA,521,59.40667,-174.51833,62_2019_23410_33320_99_56,59.3350625928,-174.534642509
23410,33320,2019,Grant Burns,Northern Leader,NA,2019-05-10T00:00:00Z,101,S,12,1,NA,NA,NA,NA,NA,N,NA,Used gangion length for estimate,NA,521,59.67167,-174.64833,62_2019_23410_33320_101_57,59.675651304,-174.751476884
23410,33320,2019,Grant Burns,Northern Leader,NA,2019-05-10T00:00:00Z,101,M,12,1,NA,NA,NA,NA,NA,N,NA,Used gangion length for estimate,NA,521,59.67167,-174.64833,62_2019_23410_33320_101_58,59.675651304,-174.751476884
23410,33320,2019,Grant Burns,Northern Leader,NA,2019-05-10T00:00:00Z,101,L,12,1,NA,NA,NA,NA,NA,N,NA,Used gangion length for estimate,NA,521,59.67167,-174.64833,62_2019_23410_33320_101_59,59.675651304,-174.751476884
23410,33320,2019,Grant Burns,Northern Leader,NA,2019-05-10T00:00:00Z,103,S,12,1,NA,NA,NA,NA,NA,N,NA,Used gangion length for estimate,NA,521,59.57333,-174.48667,62_2019_23410_33320_103_60,59.6377116406,-174.403501136
23410,33320,2019,Grant Burns,Northern Leader,NA,2019-05-10T00:00:00Z,103,M,12,1,NA,NA,NA,NA,NA,N,NA,Used gangion length for estimate,NA,521,59.57333,-174.48667,62_2019_23410_33320_103_61,59.6377116406,-174.403501136
23410,33320,2019,Grant Burns,Northern Leader,NA,2019-05-10T00:00:00Z,103,L,12,1,NA,NA,NA,NA,NA,N,NA,Used gangion length for estimate,NA,521,59.57333,-174.48667,62_2019_23410_33320_103_62,59.6377116406,-174.403501136
23425,20204,2019,Erik Bolton,Kaia,NA,2019-07-16T00:00:00Z,1,M,2,3,NA,2,NA,NA,NA,N,NA,~182cm,NA,659,58.71944,-136.21611,62_2019_23425_20204_1_63,58.7071202319,-136.139672815
23425,20204,2019,Erik Bolton,Kaia,NA,2019-07-16T00:00:00Z,1,L,2,3,NA,NA,NA,NA,NA,N,NA,~400cm,NA,659,58.71944,-136.21611,62_2019_23425_20204_1_64,58.7071202319,-136.139672815
23425,20204,2019,Erik Bolton,Kaia,NA,2019-07-16T00:00:00Z,1,L,2,3,NA,NA,NA,NA,NA,N,NA,~365cm,NA,659,58.71944,-136.21611,62_2019_23425_20204_1_65,58.7071202319,-136.139672815
23425,20204,2019,Erik Bolton,Kaia,NA,2019-07-16T00:00:00Z,2,L,"2,2,4",1,NA,NA,NA,NA,NA,N,NA,~365cm,NA,659,58.74306,-136.34028,62_2019_23425_20204_2_66,58.6871728287,-136.415732875
23514,2110,2019,Alejandra Palacios,Cape Horn,NA,2019-07-07T00:00:00Z,518,S,NA,1,NA,1,NA,11.8,84,N,NA,NA,NA,517,55.61667,-168.8,62_2019_23514_2110_518_67,55.6261405112,-168.750838864
23514,2110,2019,Alejandra Palacios,Cape Horn,NA,2019-07-28T00:00:00Z,593,S,NA,1,NA,1,NA,6.72,66,N,NA,NA,NA,517,55.25,-167.93333,62_2019_23514_2110_593_68,55.1668776317,-168.013037579
23514,2110,2019,Alejandra Palacios,Cape Horn,NA,2019-09-07T00:00:00Z,725,S,NA,1,NA,1,NA,10.18,71,N,NA,NA,NA,517,55.6,-168.65,62_2019_23514_2110_725_69,55.6261405112,-168.750838864
23516,4306,2019,Derek Miller,Alaska Lady,NA,2019-08-26T00:00:00Z,337,M,hooked,3,NA,NA,NA,NA,NA,N,NA,"PSS brought up, immediately fell off upon breaking water",NA,521,57.51667,-172.45167,62_2019_23516_4306_337_70,57.4998046118,-172.536131667
23516,4306,2019,Derek Miller,Alaska Lady,NA,2019-08-26T00:00:00Z,337,M,hooked,3,NA,NA,NA,NA,NA,N,NA,"PSS brought up, immediately fell off upon breaking water",NA,521,57.51667,-172.45167,62_2019_23516_4306_337_71,57.4998046118,-172.536131667
23516,4306,2019,Derek Miller,Alaska Lady,NA,2019-08-26T00:00:00Z,337,S,hooked,3,NA,NA,NA,NA,NA,N,NA,"PSS brought up, immediately fell off upon breaking water",NA,521,57.51667,-172.45167,62_2019_23516_4306_337_72,57.4998046118,-172.536131667
23516,4306,2019,Derek Miller,Alaska Lady,NA,2019-08-26T00:00:00Z,338,S,hooked,1,NA,NA,NA,NA,NA,N,NA,Broadside width estimate,NA,521,57.5,-172.80667,62_2019_23516_4306_338_73,57.5427335928,-172.861044401
23516,4306,2019,Derek Miller,Alaska Lady,NA,2019-08-27T00:00:00Z,340,S,hooked,2,NA,NA,NA,NA,NA,N,NA,NA,NA,521,57.56167,-172.63,62_2019_23516_4306_340_74,57.4998046118,-172.536131667
23516,4306,2019,Derek Miller,Alaska Lady,NA,2019-08-28T00:00:00Z,342,S,NA,2,NA,2,NA,16.94,NA,N,NA,Took total length: 122cm,NA,521,57.38167,-172.66167,62_2019_23516_4306_342_75,57.3707566551,-172.767665221
23516,4306,2019,Derek Miller,Alaska Lady,NA,2019-08-28T00:00:00Z,342,S,NA,2,NA,1,NA,NA,NA,N,NA,Took total length: 119cm,NA,521,57.38167,-172.66167,62_2019_23516_4306_342_76,57.3707566551,-172.767665221
23516,4306,2019,Derek Miller,Alaska Lady,NA,2019-08-28T00:00:00Z,343,M,NA,1,NA,NA,NA,NA,NA,N,NA,NA,NA,521,57.375,-172.72833,62_2019_23516_4306_343_77,57.3707566551,-172.767665221
23516,4306,2019,Derek Miller,Alaska Lady,NA,2019-08-29T00:00:00Z,345,S,NA,1,NA,2,NA,12.36,NA,N,NA,NA,NA,521,57.4,-172.75833,62_2019_23516_4306_345_78,57.3707566551,-172.767665221
23516,4306,2019,Derek Miller,Alaska Lady,NA,2019-08-31T00:00:00Z,350,S,NA,1,NA,2,NA,26.82,NA,N,NA,NA,NA,521,57.25,-172.70667,62_2019_23516_4306_350_79,57.1986812234,-172.675181721
23561,4578,2019,Tyler Allen,Siberian Sea,NA,2019-07-12T00:00:00Z,208,M,9,2,NA,NA,NA,NA,NA,N,NA,"Deck sheet pg. 187, 189",NA,521,59.74,-175.485,62_2019_23561_4578_208_80,59.7487739878,-175.449761627
23561,4578,2019,Tyler Allen,Siberian Sea,NA,2019-07-12T00:00:00Z,208,M,9,2,NA,NA,NA,NA,NA,N,NA,"Deck sheet pg. 187, 189",NA,521,59.74,-175.485,62_2019_23561_4578_208_81,59.7487739878,-175.449761627
23561,4578,2019,Tyler Allen,Siberian Sea,NA,2019-07-13T00:00:00Z,210,M,9,1,NA,NA,NA,NA,NA,N,NA,Deck sheet pg. 191,NA,521,59.58333,-175.77167,62_2019_23561_4578_210_82,59.6145987467,-175.685383421
23561,4578,2019,Tyler Allen,Siberian Sea,NA,2019-07-21T00:00:00Z,215,L,10,1,NA,NA,NA,NA,NA,N,NA,Deck sheet pg. 211,NA,521,57.46667,-171.43833,62_2019_23561_4578_215_83,57.4927002854,-171.330375407
23561,4578,2019,Tyler Allen,Siberian Sea,NA,2019-08-02T00:00:00Z,233,M,9,1,NA,NA,NA,NA,NA,N,NA,Deck sheet pg. 259,NA,521,58.50167,-172.735,62_2019_23561_4578_233_84,58.4888842102,-172.771024663
23561,4578,2019,Tyler Allen,Siberian Sea,NA,2019-08-03T00:00:00Z,235,M,2,1,NA,NA,NA,NA,NA,N,NA,Deck sheet pg. 265,NA,521,58.88333,-173.36833,62_2019_23561_4578_235_85,58.874174162,-173.302967705
23561,4578,2019,Tyler Allen,Siberian Sea,NA,2019-08-10T00:00:00Z,244,L,9,1,NA,NA,NA,NA,NA,N,NA,Deck sheet pg. 289,NA,521,58.98333,-173.53833,62_2019_23561_4578_244_86,58.9150315628,-173.641896702
23561,4578,2019,Tyler Allen,Siberian Sea,NA,2019-08-15T00:00:00Z,254,L,9,1,NA,NA,NA,NA,NA,N,NA,Deck sheet pg. 311,NA,521,59.26833,-174.05167,62_2019_23561_4578_254_87,59.2965519505,-174.190430256
23561,4578,2019,Tyler Allen,Siberian Sea,NA,2019-08-16T00:00:00Z,256,S,9,1,NA,NA,NA,NA,NA,N,NA,Deck sheet pg. 319,NA,521,59.30167,-174.05167,62_2019_23561_4578_256_88,59.2965519505,-174.190430256
23561,4578,2019,Tyler Allen,Siberian Sea,NA,2019-08-18T00:00:00Z,260,M,9,1,NA,1,NA,17.67,NA,N,NA,Deck sheet pg. 337,Total length taken,521,59.06667,-173.27,62_2019_23561_4578_260_89,59.0455440888,-173.40317838000001
23575,3367,2019,Mike Howard,Legacy,NA,2019-06-21T00:00:00Z,425,M,NA,2,NA,1,NA,132,160,N,NA,NA,NA,521,58.21,-171.24333,62_2019_23575_3367_425_90,58.2644856576,-171.1111294
23575,3367,2019,Mike Howard,Legacy,NA,2019-06-21T00:00:00Z,426,M,NA,2,NA,1,NA,NA,NA,N,NA,Length taken to vent,NA,521,57.99167,-171.1,62_2019_23575_3367_426_91,57.9652202597,-171.265410036
23575,3367,2019,Mike Howard,Legacy,NA,2019-06-21T00:00:00Z,426,M,NA,2,NA,2,NA,NA,NA,N,NA,Length taken to vent,NA,521,57.99167,-171.1,62_2019_23575_3367_426_92,57.9652202597,-171.265410036
23575,3367,2019,Mike Howard,Legacy,NA,2019-06-21T00:00:00Z,427,M,NA,4,NA,1,NA,NA,NA,N,NA,Length taken to vent,NA,521,57.96,-170.815,62_2019_23575_3367_427_93,57.9181510019,-170.938651095
23575,3367,2019,Mike Howard,Legacy,NA,2019-06-21T00:00:00Z,427,S,NA,4,NA,2,NA,NA,NA,N,NA,Length taken to vent,NA,521,57.96,-170.815,62_2019_23575_3367_427_94,57.9181510019,-170.938651095
23575,3367,2019,Mike Howard,Legacy,NA,2019-06-21T00:00:00Z,427,S,NA,4,NA,2,NA,NA,NA,N,NA,Length taken to vent,NA,521,57.96,-170.815,62_2019_23575_3367_427_95,57.9181510019,-170.938651095
23575,3367,2019,Mike Howard,Legacy,NA,2019-06-21T00:00:00Z,427,S,NA,4,NA,2,NA,NA,NA,N,NA,Length taken to vent,NA,521,57.96,-170.815,62_2019_23575_3367_427_96,57.9181510019,-170.938651095
23575,3367,2019,Mike Howard,Legacy,NA,2019-06-22T00:00:00Z,431,S,2,3,NA,2,NA,NA,125,N,NA,NA,NA,521,57.89333,-171.06,62_2019_23575_3367_431_97,57.9181510019,-170.938651095
23575,3367,2019,Mike Howard,Legacy,NA,2019-06-22T00:00:00Z,431,M,2,3,NA,2,NA,NA,135,N,NA,NA,NA,521,57.89333,-171.06,62_2019_23575_3367_431_98,57.9181510019,-170.938651095
23575,3367,2019,Mike Howard,Legacy,NA,2019-06-22T00:00:00Z,431,M,2,3,NA,1,NA,NA,180,N,NA,NA,NA,521,57.89333,-171.06,62_2019_23575_3367_431_99,57.9181510019,-170.938651095
23575,3367,2019,Mike Howard,Legacy,NA,2019-06-23T00:00:00Z,434,M,2,1,NA,2,NA,NA,185,N,NA,NA,NA,521,57.98333,-170.71333,62_2019_23575_3367_434_100,58.0436530978,-170.696860615
23575,3367,2019,Mike Howard,Legacy,NA,2019-06-23T00:00:00Z,435,M,2,1,NA,2,NA,NA,190,N,NA,NA,NA,521,57.96,-171.12333,62_2019_23575_3367_435_101,57.9652202597,-171.265410036
23575,3367,2019,Mike Howard,Legacy,NA,2019-06-24T00:00:00Z,437,S,2,3,NA,2,NA,NA,125,N,NA,NA,NA,521,57.965,-171.18,62_2019_23575_3367_437_102,57.9652202597,-171.265410036
23575,3367,2019,Mike Howard,Legacy,NA,2019-06-24T00:00:00Z,437,M,2,3,NA,1,NA,NA,182,N,NA,NA,NA,521,57.965,-171.18,62_2019_23575_3367_437_103,57.9652202597,-171.265410036
23575,3367,2019,Mike Howard,Legacy,NA,2019-06-24T00:00:00Z,437,M,2,3,NA,1,NA,NA,135,N,NA,NA,NA,521,57.965,-171.18,62_2019_23575_3367_437_104,57.9652202597,-171.265410036
23575,3367,2019,Mike Howard,Legacy,NA,2019-06-24T00:00:00Z,438,S,2,3,NA,2,NA,NA,110,N,NA,NA,NA,521,57.99667,-170.73333,62_2019_23575_3367_438_105,58.0436530978,-170.696860615
23575,3367,2019,Mike Howard,Legacy,NA,2019-06-24T00:00:00Z,438,M,2,3,NA,2,NA,NA,225,N,NA,NA,NA,521,57.99667,-170.73333,62_2019_23575_3367_438_106,58.0436530978,-170.696860615
23575,3367,2019,Mike Howard,Legacy,NA,2019-06-24T00:00:00Z,438,M,2,3,NA,1,NA,NA,243,N,NA,NA,NA,521,57.99667,-170.73333,62_2019_23575_3367_438_107,58.0436530978,-170.696860615
23575,3367,2019,Mike Howard,Legacy,NA,2019-06-24T00:00:00Z,439,M,2,2,NA,2,NA,NA,130,N,NA,NA,NA,521,57.985,-171.12167,62_2019_23575_3367_439_108,57.9652202597,-171.265410036
23575,3367,2019,Mike Howard,Legacy,NA,2019-06-24T00:00:00Z,439,M,2,2,NA,2,NA,NA,175,N,NA,NA,NA,521,57.985,-171.12167,62_2019_23575_3367_439_109,57.9652202597,-171.265410036
23575,3367,2019,Mike Howard,Legacy,NA,2019-06-24T00:00:00Z,440,S,2,1,NA,2,NA,NA,129,N,NA,NA,NA,521,57.95833,-170.75333,62_2019_23575_3367_440_110,58.0436530978,-170.696860615
23575,3367,2019,Mike Howard,Legacy,NA,2019-06-24T00:00:00Z,441,M,2,1,NA,2,NA,NA,153,N,NA,NA,NA,521,57.955,-171.13167,62_2019_23575_3367_441_111,57.9652202597,-171.265410036
23575,3367,2019,Mike Howard,Legacy,NA,2019-06-25T00:00:00Z,443,M,2,1,NA,2,NA,NA,165,N,NA,NA,NA,524,58.01833,-170.78833,62_2019_23575_3367_443_112,58.0436530978,-170.696860615
23575,3367,2019,Mike Howard,Legacy,NA,2019-06-26T00:00:00Z,447,M,2,1,NA,1,NA,NA,136,N,NA,NA,NA,524,57.98667,-171.13667,62_2019_23575_3367_447_113,57.9652202597,-171.265410036
23575,3367,2019,Mike Howard,Legacy,NA,2019-06-26T00:00:00Z,451,M,2,1,NA,1,NA,NA,169,N,NA,NA,NA,524,57.97,-170.79,62_2019_23575_3367_451_114,58.0436530978,-170.696860615
23605,3870,2019,Connor Fox,Island Enterprise,NA,2019-08-15T00:00:00Z,273,S,NA,1,NA,2,NA,NA,110,N,NA,NA,Tagged,524,60.305,-178.61333,62_2019_23605_3870_273_115,60.3378734284,-178.531315973
23628,3414,2019,Kevin Gillen,Starbound,NA,2019-07-07T00:00:00Z,336,S,NA,UNK,UNK,2,N,15.56,95,N,NA,NA,NA,521,58.70833,-176.345,62_2019_23628_3414_336_116,58.7361922407,-176.37774576
23636,3794,2019,Rulon Hardy,Alaska Ocean,NA,2019-08-05T00:00:00Z,374,S,NA,1,UNK,2,N,NA,91,N,NA,NA,Tagged,521,59.395,-177.545,62_2019_23636_3794_374_117,59.4727875341,-177.542080744
23636,3794,2019,Rulon Hardy,Alaska Ocean,NA,2019-09-09T00:00:00Z,493,M,NA,1,UNK,2,N,NA,133,N,NA,NA,Tagged,521,59.18,-174.895,62_2019_23636_3794_493_118,59.2025060618,-174.770996482
23636,3794,2019,Rulon Hardy,Alaska Ocean,NA,2019-09-17T00:00:00Z,507,S,NA,1,UNK,2,N,NA,100,N,NA,NA,Tagged,521,59.08833,-175.07667,62_2019_23636_3794_507_119,59.0695158005,-175.005501834
23647,3681,2019,Andrew Douventzidis,American Dynasty,NA,2019-07-08T00:00:00Z,210,S,NA,1,NA,1,NA,13.12,NA,N,NA,Measure to cloaca: 76,NA,521,57.26833,-173.01833,62_2019_23647_3681_210_120,57.2412617872,-172.99752791
23647,3681,2019,Andrew Douventzidis,American Dynasty,NA,2019-07-23T00:00:00Z,254,S,NA,1,NA,1,NA,8.36,NA,N,NA,Measure to cloaca: 75,NA,524,60.355,-178.59167,62_2019_23647_3681_254_121,60.3378734284,-178.531315973
23647,3681,2019,Andrew Douventzidis,American Dynasty,NA,2019-08-03T00:00:00Z,281,S,NA,1,NA,2,NA,18.51,106,N,NA,NA,NA,521,59.645,-178.38667,62_2019_23647_3681_281_122,59.6981510852,-178.368727874
23661,2718,2019,Samuel Zmolek,Clipper Surprise,NA,2019-07-26T00:00:00Z,170,S,1,1,NA,2,NA,19.28,108,N,NA,NA,NA,521,59.83,-176.46667,62_2019_23661_2718_170_123,59.8515221379,-176.502768441
23661,2718,2019,Samuel Zmolek,Clipper Surprise,NA,2019-09-06T00:00:00Z,257,M,1,1,NA,NA,NA,NA,NA,N,NA,NA,NA,521,59.34,-177.44,62_2019_23661_2718_257_124,59.3049776545,-177.419770766
23679,34017,2019,Addison Hummel,Araho,NA,2019-09-10T00:00:00Z,937,M,NA,1,NA,1,NA,50.47,182,N,NA,Too large for scale,NA,541,52.095,-172.17167,62_2019_23679_34017_937_125,52.14506596,-172.149474714
23802,3673,2019,Sara Bennet,Frontier Spirit,NA,2019-09-20T00:00:00Z,267,S,1,1,NA,1,NA,15.29,97,N,NA,Estimated total length 110,NA,521,58.87167,-172.99,62_2019_23802_3673_267_126,58.8324283684,-172.964857461
23802,3673,2019,Sara Bennet,Frontier Spirit,NA,2019-10-19T00:00:00Z,312,S,1,1,NA,2,NA,13.94,91,N,NA,Estimated total length 100,NA,524,60.4,-174.755,62_2019_23802_3673_312_127,60.3188499492,-174.842970185
23802,3673,2019,Sara Bennet,Frontier Spirit,NA,2019-10-23T00:00:00Z,319,M,1,1,NA,1,NA,NA,168,N,NA,"Did not weigh, used estimated l/w table",NA,524,60.34167,-174.73,62_2019_23802_3673_319_128,60.3188499492,-174.842970185
23802,3673,2019,Sara Bennet,Frontier Spirit,NA,2019-10-24T00:00:00Z,321,S,1,1,NA,2,NA,20.37,110,N,NA,Estimated tl 120cm,NA,524,60.36167,-174.73667,62_2019_23802_3673_321_129,60.3188499492,-174.842970185
23802,3673,2019,Sara Bennet,Frontier Spirit,NA,2019-11-03T00:00:00Z,327,L,10,1,NA,NA,NA,NA,NA,N,NA,Estimated body length @ 60cm,NA,521,58.90833,-175.61833,62_2019_23802_3673_327_130,58.9718560088,-175.579871548
23802,3673,2019,Sara Bennet,Frontier Spirit,NA,2019-11-04T00:00:00Z,328,S,1,1,NA,2,NA,13.3,98,N,NA,Estimated precaudal length 100cm,NA,521,58.97,-175.48,62_2019_23802_3673_328_131,58.9718560088,-175.579871548
23898,372,2019,Parry McClure,US Liberator,NA,2019-11-09T00:00:00Z,358,S,12,1,NA,NA,NA,NA,NA,N,NA,NA,NA,524,60.78333,-176.86667,62_2019_23898_372_358_132,60.8301028336,-176.876034614
23898,372,2019,Parry McClure,US Liberator,NA,2019-11-13T00:00:00Z,364,L,4,1,NA,NA,NA,NA,NA,N,NA,NA,NA,524,60.8,-177.13333,62_2019_23898_372_364_133,60.8614826587,-177.23954829
23898,372,2019,Parry McClure,US Liberator,NA,2019-11-16T00:00:00Z,370,M,8,1,NA,NA,NA,NA,NA,N,NA,NA,NA,524,60.91667,-177.15,62_2019_23898_372_370_134,60.8614826587,-177.23954829
23898,372,2019,Parry McClure,US Liberator,NA,2019-11-17T00:00:00Z,371,S,2,1,NA,NA,NA,NA,NA,N,NA,NA,NA,524,60.93333,-177.15,62_2019_23898_372_371_135,60.8614826587,-177.23954829
23898,372,2019,Parry McClure,US Liberator,NA,2019-12-18T00:00:00Z,410,S,2,1,NA,NA,NA,NA,NA,N,NA,NA,NA,524,60.1,-178.51667,62_2019_23898_372_410_136,60.0317762742,-178.627131805
23898,372,2019,Parry McClure,US Liberator,NA,2019-12-20T00:00:00Z,414,S,2,2,NA,NA,NA,NA,NA,N,NA,NA,NA,524,60.16667,-178.36667,62_2019_23898_372_414_137,60.1710466322,-178.400742599
23898,372,2019,Parry McClure,US Liberator,NA,2019-12-21T00:00:00Z,416,M,2,2,NA,NA,NA,NA,NA,N,NA,NA,NA,524,60.55,-178.65,62_2019_23898_372_416_138,60.5045680552,-178.663229161
23898,372,2019,Parry McClure,US Liberator,NA,2019-12-21T00:00:00Z,416,S,1,2,NA,NA,NA,13.36,NA,N,NA,NA,NA,524,60.55,-178.65,62_2019_23898_372_416_139,60.5045680552,-178.663229161
23954,4578,2019,Edsel Koscienlniak,Siberian Sea,NA,2019-12-30T00:00:00Z,394,S,NA,UNK,UNK,2,N,19.32,95,N,NA,NA,NA,517,55.105,-165.81833,62_2019_23954_4578_394_140,55.0543325054,-165.761249314
23989,6323,2020,Sara Bunker,Bristol Leader,NA,2020-02-27T00:00:00Z,25,S,2,1,Y,NA,NA,NA,NA,NA,NA,Only shark in haul- dropped off line- not able to measure in hand,NA,523,56.59,-172.75,62_2020_23989_6323_25_141,56.5529567938,-172.629801221
23989,6323,2020,Sara Bunker,Bristol Leader,NA,2020-03-05T00:00:00Z,31,M,2,1,Y,NA,NA,NA,NA,NA,NA,Only shark in haul- dropped off line- not able to measure in hand,NA,521,56.74333,-172.82,62_2020_23989_6323_31_142,56.7251919897,-172.720419619
23989,6323,2020,Sara Bunker,Bristol Leader,NA,2020-03-23T00:00:00Z,45,S,2,1,Y,1,N,12.03,107,N,NA,Only shark in haul. Brought up by rollerman (?) and measured in hand,NA,521,59.11667,-176,62_2020_23989_6323_45_143,59.1759036914,-176.036056827
23989,6323,2020,Sara Bunker,Bristol Leader,NA,2020-03-31T00:00:00Z,54,S,2,1,Y,NA,NA,NA,NA,NA,NA,Only shark in haul- dropped off line- not able to measure in hand,NA,521,58.78,-175.82167,62_2020_23989_6323_54_144,58.8374055341,-175.809625765
23989,6323,2020,Sara Bunker,Bristol Leader,NA,2020-04-20T00:00:00Z,71,S,2,1,Y,NA,NA,NA,NA,NA,NA,Only shark in haul- dropped off line- not able to measure in hand,NA,521,58.98667,-174.035,62_2020_23989_6323_71_145,58.95499746,-173.98162971
23989,6323,2020,Sara Bunker,Bristol Leader,NA,2020-04-25T00:00:00Z,76,S,2,1,Y,2,N,12.24,97,N,NA,Only shark in haul. Brought up by dipnetter and measured and weighed in hand.,NA,521,58.91167,-173.11833,62_2020_23989_6323_76_146,59.0040625189,-173.063241159
23989,6323,2020,Sara Bunker,Bristol Leader,NA,2020-05-01T00:00:00Z,82,M,2,1,Y,NA,NA,NA,NA,NA,NA,Only shark in haul- dropped off line- not able to measure in hand,NA,521,59.11667,-173.78333,62_2020_23989_6323_82_147,59.086132331,-173.743937666
24028,3396,2020,Jason Ciaffa,Arctic Fjord,NA,2020-03-14T00:00:00Z,172,S,NA,1,Y,2,N,12.7,74,Y,17206,Only shark in haul,Lead cruise 24028,521,56.94667,-171.43,62_2020_24028_3396_172_148,57.0199379174,-171.393637012
24028,3396,2020,Jason Ciaffa,Arctic Fjord,NA,2020-03-23T00:00:00Z,198,S,NA,1,Y,1,Y,31.98,99,Y,19801,Only shark in haul,Lead cruise 24028,521,57.03333,-171.03667,62_2020_24028_3396_198_149,56.973161744,-171.075270576
24028,3396,2020,Jason Ciaffa,Arctic Fjord,NA,2020-03-24T00:00:00Z,202,S,NA,1,Y,1,Y,15.5,83,Y,20202,Only shark in haul,Lead cruise 24028,521,57.03333,-171.24667,62_2020_24028_3396_202_150,57.0199379174,-171.393637012
24132,5822,2020,Evan Tucker/ Nicole Eiten,Enterprise,NA,2020-05-03T00:00:00Z,258,S,NA,1,UNK,1,NA,6.77,66,Y,258-6/258-7,Both eyes collected,NA,517,55.4,-168.06667,62_2020_24132_5822_258_151,55.3424656044,-168.079086982
24195,5822,2020,Cameron Hirtle,Enterprise,NA,2020-06-24T00:00:00Z,436,M,NA,1,Y,2,N,65.22,NA,Y,43601,TLnat recorded as 197,NA,513,57.01667,-167,62_2020_24195_5822_436_152,56.9363776695,-166.960732087
24207,2110,2020,"Ryan Turette, Evan Tucker",Cape Horn,NA,2020-06-26T00:00:00Z,531,S,NA,1,Y,1,Y,34.78,108,Y,"531-2, 531-3",24356,NA,517,55.05,-167.65,62_2020_24207_2110_531_153,55.1112556867,-167.714784065
24207,2110,2020,"Ryan Turette, Evan Tucker",Cape Horn,NA,2020-07-16T00:00:00Z,595,S,NA,1,Y,1,Y,1.7,44,Y,"595-1, 595-2",24356,NA,521,59.35,-177.75,62_2020_24207_2110_595_154,59.3349472552,-177.767308985
24207,2110,2020,"Ryan Turette, Evan Tucker",Cape Horn,NA,2020-07-17T00:00:00Z,601,S,NA,UNK,UNK,2,N,7.33,63,Y,"603-2, 603-3",24356,NA,521,59.45,-177.7,62_2020_24207_2110_601_155,59.4727875341,-177.542080744
24225,3870,2020,Mike Risser,Island Enterprise,NA,2020-07-17T00:00:00Z,217,S,NA,1,Y,2,N,10.48,80,Y,1002116,Not in sp comp,NA,521,59.84667,-178.79833,62_2020_24225_3870_217_156,59.8921201405,-178.851604902
24225,3870,2020,Mike Risser,Island Enterprise,NA,2020-07-22T00:00:00Z,234,S,NA,1,Y,2,N,27.46,112,Y,1002117,Not in sp comp,NA,521,58.68667,-175.03333,62_2020_24225_3870_234_157,58.5961893475,-175.021185783
24303,2888,2020,Jason Hasler,Aurora,NA,2020-07-16T00:00:00Z,54,M,NA,2,NA,2,NA,NA,170,NA,NA,NA,NA,521,57.645,-172.04333,62_2020_24303_2888_54_158,57.5840161672,-171.977910833
24303,2888,2020,Jason Hasler,Aurora,NA,2020-07-16T00:00:00Z,54,M,NA,2,NA,2,NA,NA,NA,NA,NA,NA,NA,521,57.645,-172.04333,62_2020_24303_2888_54_159,57.5840161672,-171.977910833
24303,2888,2020,Jason Hasler,Aurora,NA,2020-07-25T00:00:00Z,60,M,NA,1,NA,2,NA,42.02,NA,NA,NA,Only recorded TNL 170cm,NA,521,58.06833,-173.405,62_2020_24303_2888_60_160,58.0993768513,-173.477514319
24303,2888,2020,Jason Hasler,Aurora,NA,2020-08-04T00:00:00Z,70,S,NA,1,NA,2,NA,5.4,70,NA,NA,NA,NA,517,54.50167,-165.64833,62_2020_24303_2888_70_161,54.5235072258,-165.598110996
24303,2888,2020,Jason Hasler,Aurora,NA,2020-08-10T00:00:00Z,75,S,NA,1,NA,2,NA,10.2,92,NA,NA,NA,NA,517,54.72,-166.11167,62_2020_24303_2888_75_162,54.6449590089,-166.180088367
24303,2888,2020,Jason Hasler,Aurora,NA,2020-09-08T00:00:00Z,97,S,NA,1,NA,1,NA,22.56,116,NA,NA,NA,NA,517,54.44333,-165.73,62_2020_24303_2888_97_163,54.4076752114,-165.833839756
24304,3011,2020,Lauren Kabot,Ocean Explorer,NA,2020-06-24T00:00:00Z,60,S,NA,1,NA,NA,NA,5.2,82,NA,NA,"Photos: 0102-0105, forgot to look at sex, might be in photo",NA,519,54.68444,-165.49694,62_2020_24304_3011_60_164,54.6388296176,-165.360960149
24304,3011,2020,Lauren Kabot,Ocean Explorer,NA,2020-07-07T00:00:00Z,76,S,NA,1,NA,NA,NA,NA,100,NA,NA,Photos: 0111-0113 could not weigh,NA,517,54.44222,-165.67611,62_2020_24304_3011_76_165,54.5235072258,-165.598110996
24304,3011,2020,Lauren Kabot,Ocean Explorer,NA,2020-08-04T00:00:00Z,126,S,NA,1,NA,2,NA,25.5,119,NA,NA,Photos: 0193-0195,NA,517,55.24611,-167.7375,62_2020_24304_3011_126_166,55.2870256929,-167.779353275
24306,2047,2020,Philip Kendall,Bering Defender,NA,2020-06-19T00:00:00Z,143,S,NA,UNK,UNK,2,N,19,103,Y,1002886,NA,NA,521,56.66667,-170.915,62_2020_24306_2047_143_167,56.6263566531,-170.909242819
24306,2047,2020,Philip Kendall,Bering Defender,NA,2020-06-21T00:00:00Z,147,S,NA,UNK,UNK,2,N,21,113,Y,NA,no spec #,NA,521,56.94333,-171.21,62_2020_24306_2047_147_168,56.973161744,-171.075270576
24306,2047,2020,Philip Kendall,Bering Defender,NA,2020-07-23T00:00:00Z,160,M,NA,UNK,UNK,2,N,46.11,176,Y,NA,no spec #,NA,521,59.16667,-176.28944,62_2020_24306_2047_160_169,59.2095464302,-176.380985509
24322,2810,2020,Kyle Graves,Argosy,NA,2020-08-23T00:00:00Z,76,S,NA,1,NA,2,NA,8.5,88,NA,NA,Collected eyes,NA,519,54.30333,-165.97333,62_2020_24322_2810_76_170,54.2919597571,-166.068936809
24330,3414,2020,Michelle Emmert,Starbound,NA,2020-09-23T00:00:00Z,480,NA,NA,1,Y,2,N,NA,NA,N,NA,did not sample,"TLnat = 221, wt based on L/W table",524,59.905,-178.86667,62_2020_24330_3414_480_171,59.8921201405,-178.851604902
24330,3414,2020,Michelle Emmert,Starbound,NA,2020-09-26T00:00:00Z,484,S,NA,1,Y,2,N,15.2,100,Y,48406,"small shark, both eyes collected",NA,524,59.875,-178.81167,62_2020_24330_3414_484_172,59.8921201405,-178.851604902
24330,3414,2020,Michelle Emmert,Starbound,NA,2020-09-29T00:00:00Z,491,S,NA,1,Y,2,N,5.02,73,Y,49101,"small shark, both eyes collected",NA,524,60.015,-178.955,62_2020_24330_3414_491_173,60.0585208377,-178.983344383
24336,4133,2020,A Stevenson,Fierce Allegiance,NA,2020-07-17T00:00:00Z,39,M,2,1,Y,3,N,NA,188,Y,"1, 2","couldn't ID sex, collected eyeballs",NA,521,57.80556,-172.27361,62_2020_24336_4133_39_174,57.8006847004,-172.394707771
24342,417,2020,Josephine Padgett,Starward,NA,2020-07-16T00:00:00Z,69,S,NA,2,Y,2,NA,15,95,Y,"69001, 69002","Both same length, this one weighed more",NA,521,57.7,-172.34833,62_2020_24342_417_69_175,57.6284016315,-172.302914654
24342,417,2020,Josephine Padgett,Starward,NA,2020-07-16T00:00:00Z,69,S,NA,2,Y,2,NA,NA,95,NA,NA,NA,NA,521,57.7,-172.34833,62_2020_24342_417_69_176,57.6284016315,-172.302914654
24346,511,2020,Ryan Partain,Great Pacific,NA,2020-07-08T00:00:00Z,45,S,1,1,Y,2,N,42.02,NA,N,NA,"entanged in codend rope, not all data collected",NA,509,55.81667,-164.86667,62_2020_24346_511_45_177,55.8676642175,-164.896083078
24346,511,2020,Ryan Partain,Great Pacific,NA,2020-07-12T00:00:00Z,49,S,1,2,Y,2,N,5.2,66,Y,31,NA,NA,519,54.65,-165.63333,62_2020_24346_511_49_178,54.7005215899,-165.651987647
24346,511,2020,Ryan Partain,Great Pacific,NA,2020-07-12T00:00:00Z,49,S,1,2,Y,2,N,9,87,Y,31,NA,NA,519,54.65,-165.63333,62_2020_24346_511_49_179,54.7005215899,-165.651987647
24381,3357,2020,Brianna Thorson,Phoenix,NA,2020-07-31T00:00:00Z,464,M,NA,1,Y,1,N,43.06,135,Y,464001,NA,NA,521,59.98333,-176.03333,62_2020_24381_3357_464_180,59.9531975936,-175.915860974
24456,434,2020,Courtney Jones,American Eagle,NA,2020-08-07T00:00:00Z,89,S,NA,1,Y,2,N,8.6,83,Y,89001,only shark in haul,NA,517,54.72667,-165.435,62_2020_24456_434_89_181,54.8159249181,-165.41390888
24456,434,2020,Courtney Jones,American Eagle,NA,2020-08-13T00:00:00Z,94,M,NA,1,Y,2,N,17.74,130,Y,99001,only shark in haul,NA,517,54.77,-165.39667,62_2020_24456_434_94_182,54.8159249181,-165.41390888
24471,3002,2020,Duncan Coles,Northwest Explorer,NA,2020-09-25T00:00:00Z,122,S,NA,1,NA,1,NA,22.2,119,NA,NA,NA,NA,517,54.74278,-165.41528,62_2020_24471_3002_122_183,54.8159249181,-165.41390888
24746,3010,2021,Lauren Kabat,Pacific Explorer,NA,2021-04-25T00:00:00Z,48,S,NA,1,NA,2,N,NA,120,Y,"4801, 4802",Used NMFS length-weight table to determine weight,NA,521,56.80444,-170.18889,62_2021_24746_3010_48_184,56.8278706379,-170.12519407
24807,3367,2021,Malik Breland,Legacy,NA,2021-05-08T00:00:00Z,209,L,2,1,NA,2,N,NA,311,N,NA,The eyes were both missing (sandfleas),NA,541,53.01,-170.44,62_2021_24807_3367_209_185,52.9897197585,-170.408919307
24808,586,2021,Nicholas Armand,Golden Pisces,NA,2021-06-24T00:00:00Z,45,S,NA,NA,NA,2,N,NA,65,Y,NA,"Right eye, using, collected from bycatch dump. Hauls 44+45",NA,517,54.56833,-165.535,62_2021_24808_586_45_186,54.5235072258,-165.598110996
24808,586,2021,Nicholas Armand,Golden Pisces,NA,2021-06-24T00:00:00Z,45,S,NA,NA,NA,2,N,NA,70,Y,NA,"Collected from bytcatch dump, hauls 44+45",NA,517,54.56833,-165.535,62_2021_24808_586_45_187,54.5235072258,-165.598110996
24835,5822,2021,Jason Ratchford,Enterprise,NA,2021-05-07T00:00:00Z,231,S,NA,1,NA,1,Y,4.88,65,Y,69420,*small shark*,NA,517,54.78333,-167.05,62_2021_24835_5822_231_188,54.8215032726,-167.059854297
24835,5822,2021,Jason Ratchford,Enterprise,NA,2021-05-07T00:00:00Z,233,S,NA,1,NA,1,Y,7.11,80,Y,42069,*small shark*,NA,517,54.8,-167.15,62_2021_24835_5822_233_189,54.8215032726,-167.059854297
24836,4635,2021,Samantha Burgess,Defender,NA,2021-05-28T00:00:00Z,258,M,NA,1,NA,2,N,NA,165,N,NA,"Weight from NMFS weight-length table, still alive, no eyeballs taken",NA,524,58.22333,-170.96667,62_2021_24836_4635_258_190,58.2644856576,-171.1111294
24836,4635,2021,Samantha Burgess,Defender,NA,2021-05-28T00:00:00Z,261,S,NA,2,NA,1,Y,NA,121,N,NA,"Weight from NMFS weight-length table, still alive, no eyeballs taken",NA,521,57.935,-171.10333,62_2021_24836_4635_261_191,57.9181510019,-170.938651095
24836,4635,2021,Samantha Burgess,Defender,NA,2021-05-28T00:00:00Z,261,S,NA,2,NA,2,N,NA,101,N,NA,"Weight from NMFS weight-length table, still alive, no eyeballs taken",NA,521,57.935,-171.10333,62_2021_24836_4635_261_192,57.9181510019,-170.938651095
24920,3414,2021,Deliska Pollara,Starbound,NA,2021-06-30T00:00:00Z,268,S,NA,1,NA,2,N,6.66,68,Y,268-14,Only one in the haul samples,NA,521,58.33333,-173.77333,62_2021_24920_3414_268_193,58.3108630929,-173.90970567
24920,3414,2021,Deliska Pollara,Starbound,NA,2021-07-05T00:00:00Z,288,S,NA,1,NA,1,Y,11.3,78,Y,288-12,Only one in the haul,NA,521,58.7,-174.795,62_2021_24920_3414_288_194,58.7292472072,-174.789977369
24920,3414,2021,Deliska Pollara,Starbound,NA,2021-07-11T00:00:00Z,312,S,NA,1,NA,2,N,5.52,66,Y,312-1,Only one in haul,NA,521,58.88667,-174.22167,62_2021_24920_3414_312_195,58.8234197847,-174.217495984
24920,3414,2021,Deliska Pollara,Starbound,NA,2021-07-24T00:00:00Z,344,S,NA,NA,NA,1,Y,19.5,94,N,NA,Still alive,NA,521,58.075,-172.83667,62_2021_24920_3414_344_196,58.0159073322,-172.816642348
24994,1650,2021,Nicole Santayo,Westward I,NA,2021-06-11T00:00:00Z,61,S,1,1,NA,NA,N,NA,NA,N,NA,NA,NA,509,55.21667,-164.56667,62_2021_24994_1650_61_197,55.27233555,-164.44719556
24994,1650,2021,Nicole Santayo,Westward I,NA,2021-06-21T00:00:00Z,69,S,NA,1,NA,NA,N,17,NA,N,NA,"Total length 120 cm, regurgitated octopus beaks in mouth",NA,509,55.23333,-164.91667,62_2021_24994_1650_69_198,55.2223703496,-164.984967798
24994,1650,2021,Nicole Santayo,Westward I,NA,2021-06-21T00:00:00Z,71,S,NA,1,NA,2,N,19.2,102,Y,7101,NA,NA,509,55.26667,-165,62_2021_24994_1650_71_199,55.2223703496,-164.984967798
24994,1650,2021,Nicole Santayo,Westward I,NA,2021-08-09T00:00:00Z,111,L,1,1,NA,2,N,NA,NA,N,NA,Total length 364cm,NA,519,54.06667,-166.58333,62_2021_24994_1650_111_200,54.058756834,-166.530292977
25007,4063,2021,Alyssa Lambert,Northern Hawk,NA,2021-06-27T00:00:00Z,201,S,NA,NA,NA,2,N,23.1,118,Y,1002795,NA,NA,521,57.495,-172.335,62_2021_25007_4063_201_201,57.4560246805,-172.212010144
25007,4063,2021,Alyssa Lambert,Northern Hawk,NA,2021-06-28T00:00:00Z,206,M,NA,NA,NA,2,N,NA,152,N,NA,*too large for FS or MCP. Used L/W table (has 69.5 listed as weight),NA,521,57.92167,-172.49833,62_2021_25007_4063_206_202,57.9728741947,-172.487402234
25007,4063,2021,Alyssa Lambert,Northern Hawk,NA,2021-07-25T00:00:00Z,277,M,NA,NA,NA,2,N,NA,137,Y,1002514,*presort on deck. L/W table used (has weight as 48.70),NA,521,58.28167,-171.56667,62_2021_25007_4063_277_203,58.3110908942,-171.441380911
25007,4063,2021,Alyssa Lambert,Northern Hawk,NA,2021-08-15T00:00:00Z,340,S,NA,NA,NA,1,Y,14.68,101,N,NA,*still alive,NA,521,57.49167,-172.59,62_2021_25007_4063_340_204,57.4998046118,-172.536131667
25007,4063,2021,Alyssa Lambert,Northern Hawk,NA,2021-08-19T00:00:00Z,354,S,NA,NA,NA,1,Y,15.68,110,Y,1002513,*weighed on mcp,NA,521,58.07167,-172.68,62_2021_25007_4063_354_205,58.1449704154,-172.581011018
25007,4063,2021,Alyssa Lambert,Northern Hawk,NA,2021-08-21T00:00:00Z,362,S,NA,NA,NA,1,Y,7,81,Y,1002511,*weighed on mcp,NA,521,58.18167,-173.54833,62_2021_25007_4063_362_206,58.270699806,-173.576351757
25007,4063,2021,Alyssa Lambert,Northern Hawk,NA,2021-08-21T00:00:00Z,363,S,NA,NA,NA,2,N,17.34,NA,N,NA,*accidentally measured total instead of precaudal here. TL=124cm,NA,521,57.53333,-172.155,62_2021_25007_4063_363_207,57.4560246805,-172.212010144
25007,4063,2021,Alyssa Lambert,Northern Hawk,NA,2021-08-21T00:00:00Z,363,S,NA,NA,NA,1,Y,NA,122,Y,1002512,L/W table used for weight (weight recorded as 29.29),NA,521,57.53333,-172.155,62_2021_25007_4063_363_208,57.4560246805,-172.212010144
25007,4063,2021,Alyssa Lambert,Northern Hawk,NA,2021-08-23T00:00:00Z,372,S,NA,NA,NA,1,Y,35.06,126,N,NA,*shark alive (barely). weighed on mcp,NA,521,57.21833,-171.73833,62_2021_25007_4063_372_209,57.2386851891,-171.800333767
25007,4063,2021,Alyssa Lambert,Northern Hawk,NA,2021-08-29T00:00:00Z,383,S,NA,NA,NA,1,Y,22.26,114,Y,1002510,NA,NA,521,58.63667,-171.43667,62_2021_25007_4063_383_210,58.6104858258,-171.287086477
25007,4063,2021,Alyssa Lambert,Northern Hawk,NA,2021-08-29T00:00:00Z,384,M,NA,NA,NA,2,N,64,146,Y,1002798,*weight from FS,NA,521,58.68667,-171.21,62_2021_25007_4063_384_211,58.6104858258,-171.287086477
25035,3870,2021,Charles Riley,Island Enterprise,NA,2021-07-09T00:00:00Z,193,S,NA,1,NA,2,N,16.24,111,Y,19301,*only PSS in haul. eyes intact.,NA,521,57.24167,-173.47167,62_2021_25035_3870_193_212,57.2829944193,-173.320633491
25035,3870,2021,Charles Riley,Island Enterprise,NA,2021-08-01T00:00:00Z,242,L,NA,1,NA,2,N,NA,290,Y,24204,"*large, eyes collected",NA,521,56.58167,-171.89167,62_2021_25035_3870_242_213,56.5927205201,-171.770386867
25035,3870,2021,Charles Riley,Island Enterprise,NA,2021-08-16T00:00:00Z,283,S,NA,1,NA,2,N,21.38,109,Y,28301,*eyes collected,NA,521,57.59333,-172.83167,62_2021_25035_3870_283_214,57.5427335928,-172.861044401
25036,3835,2021,DeCorey Bolton Jr,Seafisher,NA,2021-07-18T00:00:00Z,539,M,NA,1,NA,1,Y,NA,201,N,53904,Only shark in haul,NA,620,55.63167,-155.84,62_2021_25036_3835_539_215,55.6337453288,-155.972579583
25036,3835,2021,DeCorey Bolton Jr,Seafisher,NA,2021-07-19T00:00:00Z,542,L,NA,1,NA,2,N,NA,309,N,54204,Only shark in haul,NA,620,56.31667,-155.875,62_2021_25036_3835_542_216,56.3510649991,-156.011069199
25036,3835,2021,DeCorey Bolton Jr,Seafisher,NA,2021-07-19T00:00:00Z,544,L,NA,1,NA,1,Y,NA,346,N,54407,Only shark in haul,NA,620,55.80167,-156.02333,62_2021_25036_3835_544_217,55.8131387994,-155.982063243
25044,3681,2021,John Bobroskie,American Dynasty,NA,2021-07-13T00:00:00Z,290,S,NA,NA,NA,NA,Y,25.19,120,N,29001,Small not sure about set but eyes,NA,521,58.92667,-174.99667,62_2021_25044_3681_290_218,58.8994347955,-174.897202373
25052,3261,2021,Tory Roricheaux (?),Northern Eagle,NA,2021-07-14T00:00:00Z,231,S,NA,1,NA,2,NA,7.42,106,NA,NA,only one in haul,NA,517,55.36667,-165.02333,62_2021_25052_3261_231_219,55.3994814355,-165.036971699
25052,3261,2021,Tory Roricheaux (?),Northern Eagle,NA,2021-07-22T00:00:00Z,258,M,NA,1,NA,2,NA,NA,178,NA,NA,only one in haul,NA,521,58.82333,-173.17667,62_2021_25052_3261_258_220,58.874174162,-173.302967705
25052,3261,2021,Tory Roricheaux (?),Northern Eagle,NA,2021-07-24T00:00:00Z,261,M,NA,1,NA,2,NA,NA,161,NA,NA,only one in haul,NA,521,58.11833,-171.655,62_2021_25052_3261_261_221,58.1841869025,-171.682326502
25075,3414,2021,Holly Mirun,Starbound,NA,2021-08-17T00:00:00Z,409,S,NA,NA,NA,2,N,10.41,99,Y,1,Only shark in haul,NA,521,57.685,-172.46667,62_2021_25075_3414_409_222,57.6719346784,-172.628725939
25075,3414,2021,Holly Mirun,Starbound,NA,2021-08-23T00:00:00Z,434,S,NA,NA,NA,1,Y,8.46,90,Y,2,Only shark in haul,NA,521,57.25667,-171.85333,62_2021_25075_3414_434_223,57.2386851891,-171.800333767
25075,3414,2021,Holly Mirun,Starbound,NA,2021-08-28T00:00:00Z,449,S,NA,NA,NA,1,Y,5.33,80,Y,3,Only shark in haul,NA,521,58.35167,-171.82167,62_2021_25075_3414_449_224,58.3568413748,-171.77250546
25088,2943,2021,Victoria Wright,Arctic Storm,NA,2021-08-12T00:00:00Z,324,S,NA,1,NA,2,N,6.15,62,Y,32400,Collected both eyes,NA,521,58.68333,-174.18333,62_2021_25088_2943_324_225,58.6526692392,-174.11387961
25088,2943,2021,Victoria Wright,Arctic Storm,NA,2021-08-18T00:00:00Z,342,M,NA,1,NA,2,N,NA,136,Y,34201,Collected both eyes,NA,521,57.75,-172.8,62_2021_25088_2943_342_226,57.7146122849,-172.955331959
25114,2833,2021,Malik Breland,Alaska Mist,NA,2021-09-07T00:00:00Z,271,L,12,1,NA,NA,NA,NA,NA,NA,NA,It came about 1 foot out of the water,NA,521,59.35667,-173.74,62_2021_25114_2833_271_227,59.3880023108,-173.606661797
25114,2134,2021,Malik Breland,Ocean Peace,NA,2021-10-18T00:00:00Z,2073,L,2,1,NA,2,N,1213,NA,Y,207301,The length used was the total length (TL=465cm). Eyes are in separate bags.,NA,541,51.96083,-172.06583,62_2021_25114_2134_2073_228,51.9711439266,-172.071308739
25333,4635,2022,Alejandra Palacios (?),Defender,NA,2022-02-25T00:00:00Z,50,M,NA,1,NA,2,N,NA,NA,N,NA,Total length collected only (184cm),NA,521,57.73167,-171.48833,62_2022_25333_4635_50_229,57.665703056,-171.417073533
25333,4635,2022,Alejandra Palacios (?),Defender,NA,2022-03-19T00:00:00Z,80,M,NA,1,NA,2,N,NA,136,Y,8001,Eyes collected and pics on NMFS cam,NA,521,56.815,-170.97,62_2022_25333_4635_80_230,56.7998040885,-170.99186003
25343,3672,2022,Rory Morgan,Frontier Mariner,NA,2022-03-04T00:00:00Z,101,M,6,1,NA,NA,NA,NA,NA,NA,NA,NA,NA,521,57.815,-173.38333,62_2022_25343_3672_101_231,57.7564314711,-173.282719769
25343,3672,2022,Rory Morgan,Frontier Mariner,NA,2022-03-24T00:00:00Z,140,L,9,2,NA,NA,NA,NA,NA,NA,NA,NA,NA,521,57.41667,-172.65,62_2022_25343_3672_140_232,57.3707566551,-172.767665221
25343,3672,2022,Rory Morgan,Frontier Mariner,NA,2022-03-24T00:00:00Z,140,M,9,2,NA,NA,NA,NA,NA,NA,NA,NA,NA,521,57.41667,-172.65,62_2022_25343_3672_140_233,57.3707566551,-172.767665221
25399,993,2022,Bailey Fedors,Hickory Wind,NA,2022-03-01T00:00:00Z,22,L,NA,1,NA,2,Y,NA,297,Y,222,L+R eyeballs. Only shark in haul.,NA,620,57.16667,-155.78333,62_2022_25399_993_22_234,57.1617689993,-155.769412836
25400,4989,2022,Cristian Martinez,Miss Sarah,NA,2022-03-04T00:00:00Z,15,L,2,1,NA,2,N,201,264,Y,2001,Right + Left eyes,NA,620,57.72056,-155.11056,62_2022_25400_4989_15_235,57.7035277541,-155.205073631
25404,33320,2022,Sarah Atkins,Nothern Leader,NA,2022-02-19T00:00:00Z,15,S,2,1,NA,NA,NA,NA,NA,NA,NA,I have premeasured points for halibut and the whole shark came out of the water. total length est: 86cm,NA,517,55.47833,-167.81,62_2022_25404_33320_15_236,55.4627154055,-167.844524472
23581,3245,2019,Samantha Rogers,Seattle Enterprise,NA,2019-06-23T00:00:00Z,190,S,in hand,1,NA,2,NA,4.26,85,N,NA,TL 91cm,NA,517,55.95167,-168.08167,62_2019_23581_3245_190_237,55.9893094993,-168.04373405
23581,3245,2019,Samantha Rogers,Seattle Enterprise,NA,2019-06-25T00:00:00Z,198,S,in hand,1,NA,2,NA,9.6,86,N,NA,TL 108cm,NA,517,55.66833,-168.73667,62_2019_23581_3245_198_238,55.6261405112,-168.750838864
23581,3245,2019,Samantha Rogers,Seattle Enterprise,NA,2019-07-02T00:00:00Z,213,S,in hand,1,NA,2,NA,3.74,70,N,NA,TL 87cm,NA,517,55.43833,-168.06167,62_2019_23581_3245_213_239,55.5179721124,-168.145752483
23581,3245,2019,Samantha Rogers,Seattle Enterprise,NA,2019-07-24T00:00:00Z,266,S,in hand,1,NA,2,NA,13.5,113,N,NA,TL 137cm,NA,517,55.21333,-167.64667,62_2019_23581_3245_266_240,55.2308121099,-167.480501902
23581,3245,2019,Samantha Rogers,Seattle Enterprise,NA,2019-08-04T00:00:00Z,295,S,in hand,2,NA,2,NA,5.88,83,N,NA,NA,Tagged for Cindy's special project,517,55.25167,-167.815,62_2019_23581_3245_295_241,55.2870256929,-167.779353275
23581,3245,2019,Samantha Rogers,Seattle Enterprise,NA,2019-08-05T00:00:00Z,299,S,in hand,1,NA,2,NA,3.9,70,N,NA,TL 83cm,Tagged for Cindy's special project,517,55.465,-168.22167,62_2019_23581_3245_299_242,55.5179721124,-168.145752483
23581,3245,2019,Samantha Rogers,Seattle Enterprise,NA,2019-08-19T00:00:00Z,329,S,in hand,1,NA,2,NA,28.98,115,N,NA,TL 148cm,NA,517,55.11833,-167.61167,62_2019_23581_3245_329_243,55.1112556867,-167.714784065
24807,3367,2021,Daniel Han,Legacy,NA,2021-05-01T00:00:00Z,196,L,1,1,NA,2,N,NA,NA,Y,19601,Whole length up to notch taken 370 cm. Couldn't access whole shark as it was stuck b/w live tank chute doors + deck ramp. Deckhand helped cut out left eye,NA,541,53.025,-170.435,62_2021_24807_3367_196_244,52.9897197585,-170.408919307
25021,3367,2021,Thomas Wesselhott,Legacy,NA,2021-07-10T00:00:00Z,313,L,NA,1,NA,2,N,NA,400,N,NA,Took 2 photos,NA,541,52.85167,-170.68667,62_2021_25021_3367_313_245,52.8639202947,-170.621277951
25021,3367,2021,Thomas Wesselhott,Legacy,NA,2021-07-12T00:00:00Z,316,L,NA,1,NA,NA,N,NA,363,N,NA,NA,NA,541,52.86,-170.69833,62_2021_25021_3367_316_246,52.8639202947,-170.621277951
25075,3414,2021,Deliska Pollara,Starbound,NA,2021-08-24T00:00:00Z,436,S,NA,1,NA,1,Y,21.02,56,Y,436-1,Only one in haul,NA,521,57.41,-171.98833,62_2021_25075_3414_436_247,57.4113968023,-171.888692329
25075,3414,2021,Deliska Pollara,Starbound,NA,2021-08-27T00:00:00Z,448,S,NA,1,NA,1,Y,24.86,102,Y,448-1,In sample 2,NA,521,58.34167,-171.78833,62_2021_25075_3414_448_248,58.3568413748,-171.77250546
